Order_ID,Product,Units_Sold,Price,Cost,Region,Order_Date
1,C,63,342.23,214.52,South,2023-01-01
2,D,17,287.21,97.73,East,2023-01-02
3,A,73,,143.99,North,2023-01-03
4,C,33,440.53,247.38,East,2023-01-04
5,C,84,400.74,,North,2023-01-05
6,D,77,332.64,110.55,West,2023-01-06
7,A,92,426.79,150.79,West,2023-01-07
8,A,29,434.97,249.33,North,2023-01-08
9,C,13,357.1,103.89,South,2023-01-09
10,B,46,420.14,56.26,North,2023-01-10
11,C,35,351.76,,North,2023-01-11
12,C,6,343.27,248.66,South,2023-01-12
13,C,82,313.12,34.69,West,2023-01-13
14,C,69,378.83,75.76,East,2023-01-14
15,D,47,87.72,46.88,North,2023-01-15
16,A,25,441.63,107.64,South,2023-01-16
17,D,66,437.2,137.85,North,2023-01-17
18,D,10,24.33,225.9,South,2023-01-18
19,D,56,414.65,197.09,East,2023-01-19
20,C,30,73.15,188.17,East,2023-01-20
21,B,5,174.21,108.95,West,2023-01-21
22,A,33,374.32,253.23,South,2023-01-22
23,B,65,88.77,144.03,South,2023-01-23
24,D,18,410.8,293.84,West,2023-01-24
25,D,96,417.75,192.07,West,2023-01-25
26,B,49,258.66,42.25,South,2023-01-26
27,B,11,13.13,204.47,West,2023-01-27
28,B,85,150.65,100.91,East,2023-01-28
29,D,26,312.29,207.47,North,2023-01-29
30,D,63,490.78,25.54,East,2023-01-30
31,A,89,319.59,56.59,West,2023-01-31
32,A,86,1373.0,257.44,South,2023-02-01
33,D,59,320.66,72.02,South,2023-02-02
34,B,27,274.59,251.93,East,2023-02-03
35,B,49,392.12,87.39,South,2023-02-04
36,A,77,62.42,194.65,West,2023-02-05
37,D,33,382.9,209.77,East,2023-02-06
38,A,98,275.22,156.23,South,2023-02-07
39,A,99,481.87,,North,2023-02-08
40,C,1,177.52,67.73,North,2023-02-09
41,C,21,319.98,14.79,West,2023-02-10
42,C,55,466.69,94.66,South,2023-02-11
43,B,6,60.23,197.68,West,2023-02-12
44,D,92,469.24,281.8,East,2023-02-13
45,D,81,347.06,262.01,North,2023-02-14
46,D,69,43.24,230.99,East,2023-02-15
47,D,95,157.47,237.59,South,2023-02-16
48,C,5,357.0,201.17,West,2023-02-17
49,B,3,43.0,81.78,West,2023-02-18
50,B,53,295.26,272.62,West,2023-02-19
51,C,23,179.48,202.87,East,2023-02-20
52,B,53,314.25,170.33,North,2023-02-21
53,C,37,32.41,37.74,East,2023-02-22
54,D,74,437.05,136.88,East,2023-02-23
55,C,74,,140.81,South,2023-02-24
56,D,83,484.75,260.05,South,2023-02-25
57,D,17,377.33,166.26,South,2023-02-26
58,A,85,73.74,117.22,North,2023-02-27
59,C,78,381.55,293.16,North,2023-02-28
60,A,73,220.5,37.66,South,2023-03-01
61,C,1,20.84,129.65,South,2023-03-02
62,C,51,,17.4,North,2023-03-03
63,A,45,249.44,223.27,West,2023-03-04
64,A,77,387.5,275.83,North,2023-03-05
65,C,4,344.81,87.61,North,2023-03-06
66,B,62,228.49,258.21,North,2023-03-07
67,D,65,144.08,91.2,South,2023-03-08
68,A,32,498.59,273.68,West,2023-03-09
69,D,34,218.83,227.42,North,2023-03-10
70,B,92,231.18,242.45,South,2023-03-11
71,B,95,90.18,10.31,East,2023-03-12
72,B,72,399.46,289.03,East,2023-03-13
73,A,39,349.9,219.37,North,2023-03-14
74,B,26,118.18,94.9,East,2023-03-15
75,A,34,50.37,249.67,West,2023-03-16
76,B,54,343.44,88.05,East,2023-03-17
77,D,3,330.71,262.46,East,2023-03-18
78,D,50,143.9,38.21,West,2023-03-19
79,C,12,475.92,212.59,North,2023-03-20
80,D,65,84.02,164.51,North,2023-03-21
81,C,54,221.84,33.48,West,2023-03-22
82,D,5,472.37,76.36,West,2023-03-23
83,A,94,215.67,8.66,West,2023-03-24
84,D,94,322.88,143.29,East,2023-03-25
85,C,57,204.82,93.87,West,2023-03-26
86,C,17,144.37,,South,2023-03-27
87,B,47,492.15,92.69,East,2023-03-28
88,A,23,210.57,93.48,North,2023-03-29
89,D,79,448.11,224.24,North,2023-03-30
90,B,85,122.68,19.2,North,2023-03-31
91,D,14,114.42,271.35,East,2023-04-01
92,D,66,25.26,256.42,South,2023-04-02
93,B,75,329.32,202.0,West,2023-04-03
94,B,51,190.58,180.0,West,2023-04-04
95,B,38,433.54,268.23,North,2023-04-05
96,B,64,241.87,59.67,North,2023-04-06
97,B,98,484.41,28.3,East,2023-04-07
98,D,38,100.91,75.66,South,2023-04-08
99,B,50,435.63,239.4,West,2023-04-09
100,A,98,390.53,15.23,East,2023-04-10
101,C,82,387.75,176.93,West,2023-04-11
102,B,30,423.94,,North,2023-04-12
103,B,79,382.9,257.43,West,2023-04-13
104,D,91,316.85,158.83,South,2023-04-14
105,B,51,74.31,23.77,South,2023-04-15
106,B,63,25.94,250.26,North,2023-04-16
107,B,98,461.22,181.7,South,2023-04-17
108,D,52,312.16,38.91,South,2023-04-18
109,B,38,400.3,32.69,East,2023-04-19
110,C,97,245.95,273.34,West,2023-04-20
111,D,88,67.48,202.41,North,2023-04-21
112,C,79,71.34,249.64,North,2023-04-22
113,D,30,345.93,264.3,North,2023-04-23
114,B,51,220.85,173.67,North,2023-04-24
115,C,81,108.26,157.65,North,2023-04-25
116,D,5,250.88,131.98,South,2023-04-26
117,A,29,41.46,98.5,East,2023-04-27
118,B,4,295.17,133.21,North,2023-04-28
119,D,10,141.81,233.29,East,2023-04-29
120,A,56,400.8,182.57,East,2023-04-30
121,D,17,162.08,268.29,South,2023-05-01
122,A,74,233.06,135.8,North,2023-05-02
123,B,17,15.69,184.09,South,2023-05-03
124,C,84,45.5,191.24,North,2023-05-04
125,A,88,202.32,179.55,South,2023-05-05
126,D,69,245.17,212.28,East,2023-05-06
127,B,34,304.01,75.04,North,2023-05-07
128,A,6,152.91,156.15,West,2023-05-08
129,D,53,350.54,35.75,East,2023-05-09
130,D,66,431.46,118.43,West,2023-05-10
131,D,77,392.13,148.86,East,2023-05-11
132,A,43,29.41,197.41,South,2023-05-12
133,A,75,245.45,285.41,North,2023-05-13
134,A,23,61.42,182.19,East,2023-05-14
135,C,55,128.6,224.36,South,2023-05-15
136,A,80,493.46,154.35,North,2023-05-16
137,A,95,79.82,192.06,North,2023-05-17
138,A,75,254.46,25.93,East,2023-05-18
139,C,16,312.9,80.05,North,2023-05-19
140,A,8,354.21,111.75,East,2023-05-20
141,D,4,284.23,144.39,North,2023-05-21
142,A,4,14.79,18.47,West,2023-05-22
143,D,56,169.97,46.31,South,2023-05-23
144,D,25,263.68,86.66,West,2023-05-24
145,D,67,53.05,291.6,East,2023-05-25
146,C,96,181.81,102.75,West,2023-05-26
147,C,67,26.27,147.2,East,2023-05-27
148,C,27,48.5,62.85,North,2023-05-28
149,A,93,204.49,185.18,North,2023-05-29
150,D,32,75.03,87.8,East,2023-05-30
151,C,50,288.1,66.06,West,2023-05-31
152,C,61,347.84,157.39,North,2023-06-01
153,A,51,402.29,6.62,South,2023-06-02
154,C,19,108.07,7.26,North,2023-06-03
155,A,21,92.07,69.63,South,2023-06-04
156,B,5,61.24,,West,2023-06-05
157,C,82,321.85,36.87,South,2023-06-06
158,B,92,356.17,104.96,South,2023-06-07
159,A,42,25.48,,South,2023-06-08
160,D,61,468.74,,South,2023-06-09
161,C,22,35.47,156.24,North,2023-06-10
162,A,21,275.24,91.58,South,2023-06-11
163,D,70,357.44,279.87,North,2023-06-12
164,D,1,436.77,122.12,South,2023-06-13
165,B,5,359.9,30.69,East,2023-06-14
166,A,12,402.85,187.03,West,2023-06-15
167,D,90,176.33,38.58,South,2023-06-16
168,C,46,409.26,106.84,East,2023-06-17
169,C,34,49.26,154.69,South,2023-06-18
170,B,49,448.46,262.9,South,2023-06-19
171,D,78,278.32,150.6,South,2023-06-20
172,A,90,410.48,212.17,East,2023-06-21
173,C,45,231.64,297.88,West,2023-06-22
174,D,27,325.35,43.79,East,2023-06-23
175,D,73,267.94,86.05,West,2023-06-24
176,B,26,368.48,121.4,South,2023-06-25
177,C,47,50.0,129.44,North,2023-06-26
178,C,86,,126.25,South,2023-06-27
179,A,56,131.08,272.75,West,2023-06-28
180,C,94,88.18,215.64,East,2023-06-29
181,A,63,437.17,184.33,South,2023-06-30
182,C,48,117.41,96.26,East,2023-07-01
183,B,61,488.17,248.02,East,2023-07-02
184,C,81,175.08,286.74,East,2023-07-03
185,A,26,99.24,247.25,South,2023-07-04
186,A,36,396.95,5.46,East,2023-07-05
187,B,1,332.77,192.74,East,2023-07-06
188,C,8,254.12,20.08,South,2023-07-07
189,C,99,282.13,80.99,East,2023-07-08
190,B,52,362.41,22.56,South,2023-07-09
191,C,79,121.94,183.12,West,2023-07-10
192,C,47,498.2,207.54,West,2023-07-11
193,A,56,487.65,38.77,West,2023-07-12
194,C,86,328.66,118.23,East,2023-07-13
195,C,14,107.78,139.59,North,2023-07-14
196,B,90,343.31,113.87,North,2023-07-15
197,B,28,45.38,40.7,East,2023-07-16
198,D,87,25.02,128.59,North,2023-07-17
199,A,78,136.26,226.6,South,2023-07-18
200,C,88,236.69,25.95,North,2023-07-19
201,C,2,435.45,28.65,East,2023-07-20
202,D,26,366.31,109.66,East,2023-07-21
203,C,14,373.93,282.81,South,2023-07-22
204,A,59,218.49,202.23,West,2023-07-23
205,D,56,179.51,205.21,East,2023-07-24
206,A,7,191.81,111.77,South,2023-07-25
207,D,3,493.95,180.13,North,2023-07-26
208,D,23,29.65,7.99,North,2023-07-27
209,B,18,434.85,192.65,South,2023-07-28
210,A,38,293.55,274.42,South,2023-07-29
211,C,99,224.92,185.71,East,2023-07-30
212,C,15,365.38,262.74,North,2023-07-31
213,A,64,248.47,218.57,South,2023-08-01
214,C,89,437.98,40.56,North,2023-08-02
215,C,28,451.34,271.22,South,2023-08-03
216,A,74,216.64,24.6,North,2023-08-04
217,D,39,145.65,162.52,West,2023-08-05
218,A,57,300.25,46.93,East,2023-08-06
219,D,17,457.06,8.45,North,2023-08-07
220,C,86,113.22,129.5,West,2023-08-08
221,C,90,315.25,92.04,North,2023-08-09
222,C,44,319.46,148.37,North,2023-08-10
223,B,25,369.23,175.27,West,2023-08-11
224,D,17,74.47,17.9,North,2023-08-12
225,B,13,360.75,41.29,North,2023-08-13
226,B,84,455.43,169.8,East,2023-08-14
227,A,25,98.04,106.23,West,2023-08-15
228,B,68,126.4,220.11,West,2023-08-16
229,A,10,485.98,197.43,South,2023-08-17
230,A,67,98.68,254.45,North,2023-08-18
231,B,18,428.65,209.29,East,2023-08-19
232,D,86,251.22,131.83,North,2023-08-20
233,D,34,131.14,203.53,North,2023-08-21
234,D,8,436.67,,South,2023-08-22
235,D,40,228.2,,North,2023-08-23
236,D,83,262.26,237.75,East,2023-08-24
237,B,42,186.02,136.69,East,2023-08-25
238,B,41,300.55,,South,2023-08-26
239,C,6,90.13,247.61,North,2023-08-27
240,D,52,201.63,257.98,East,2023-08-28
241,B,26,485.01,275.41,North,2023-08-29
242,C,64,136.49,132.14,North,2023-08-30
243,D,98,3318.0,99.07,North,2023-08-31
244,A,59,169.34,176.75,South,2023-09-01
245,C,56,389.0,114.5,North,2023-09-02
246,B,59,74.13,182.32,East,2023-09-03
247,A,70,485.21,213.15,North,2023-09-04
248,A,33,232.36,208.08,East,2023-09-05
249,A,53,125.66,115.49,North,2023-09-06
250,C,22,46.01,54.22,East,2023-09-07
251,B,21,93.18,132.01,East,2023-09-08
252,A,70,264.69,47.07,North,2023-09-09
253,D,70,175.13,267.58,North,2023-09-10
254,A,4,416.15,107.03,East,2023-09-11
255,A,94,221.13,50.57,West,2023-09-12
256,C,75,131.87,12.51,South,2023-09-13
257,C,62,312.4,195.52,West,2023-09-14
258,B,62,356.32,192.89,West,2023-09-15
259,D,94,91.85,105.48,North,2023-09-16
260,C,95,92.13,26.16,South,2023-09-17
261,A,24,27.97,125.84,West,2023-09-18
262,B,55,370.84,96.81,North,2023-09-19
263,A,9,335.26,204.75,West,2023-09-20
264,A,3,242.57,183.7,West,2023-09-21
265,C,31,423.64,112.56,North,2023-09-22
266,B,40,404.78,69.28,North,2023-09-23
267,D,36,,296.47,North,2023-09-24
268,D,24,435.45,138.93,South,2023-09-25
269,C,95,110.86,208.04,West,2023-09-26
270,C,6,64.84,46.46,North,2023-09-27
271,B,66,142.18,148.25,East,2023-09-28
272,D,84,37.97,13.12,West,2023-09-29
273,D,92,270.27,154.11,East,2023-09-30
274,D,75,468.94,289.39,South,2023-10-01
275,A,4,29.28,118.34,North,2023-10-02
276,D,79,69.83,16.5,East,2023-10-03
277,A,6,231.58,14.13,South,2023-10-04
278,B,94,467.6,119.46,North,2023-10-05
279,A,51,164.92,52.21,East,2023-10-06
280,B,62,258.55,11.89,East,2023-10-07
281,D,57,30.37,228.08,South,2023-10-08
282,D,66,82.69,140.26,North,2023-10-09
283,B,79,493.45,90.33,North,2023-10-10
284,C,75,482.91,270.52,East,2023-10-11
285,B,8,12.42,39.26,East,2023-10-12
286,C,26,476.39,287.0,East,2023-10-13
287,A,51,323.17,97.62,North,2023-10-14
288,A,45,435.28,267.08,South,2023-10-15
289,A,44,232.82,182.87,South,2023-10-16
290,D,5,262.64,248.88,North,2023-10-17
291,A,70,249.53,295.28,West,2023-10-18
292,C,26,336.76,90.08,South,2023-10-19
293,A,68,78.43,288.53,East,2023-10-20
294,B,19,24.69,119.9,West,2023-10-21
295,B,84,,118.73,West,2023-10-22
296,D,97,355.29,105.41,South,2023-10-23
297,B,20,108.91,164.72,West,2023-10-24
298,C,12,339.98,50.47,West,2023-10-25
299,A,47,485.26,168.34,South,2023-10-26
300,D,1,56.01,164.8,South,2023-10-27
301,A,90,339.58,229.76,West,2023-10-28
302,A,14,227.44,250.93,East,2023-10-29
303,C,64,435.39,134.93,North,2023-10-30
304,B,38,96.8,94.19,West,2023-10-31
305,B,37,349.39,81.5,West,2023-11-01
306,A,11,420.68,62.41,East,2023-11-02
307,D,77,472.86,22.01,West,2023-11-03
308,B,3,344.79,106.02,West,2023-11-04
309,D,33,253.62,84.72,North,2023-11-05
310,B,6,312.75,290.09,North,2023-11-06
311,D,50,435.76,169.52,North,2023-11-07
312,C,10,289.6,107.45,South,2023-11-08
313,D,5,24.89,176.24,South,2023-11-09
314,C,23,466.16,46.06,North,2023-11-10
315,C,10,347.87,135.99,North,2023-11-11
316,D,44,341.49,189.74,South,2023-11-12
317,C,2,115.68,149.22,East,2023-11-13
318,A,13,332.85,123.52,West,2023-11-14
319,C,40,202.99,298.19,West,2023-11-15
320,B,2,,264.69,North,2023-11-16
321,D,84,62.23,188.9,East,2023-11-17
322,A,65,332.34,172.97,South,2023-11-18
323,D,63,499.71,188.09,North,2023-11-19
324,B,73,33.62,64.39,East,2023-11-20
325,B,17,488.82,121.57,East,2023-11-21
326,B,9,209.38,16.64,East,2023-11-22
327,C,75,436.67,145.29,South,2023-11-23
328,C,15,393.37,165.19,South,2023-11-24
329,D,24,287.84,72.19,West,2023-11-25
330,D,38,371.84,289.39,West,2023-11-26
331,A,35,440.47,273.29,East,2023-11-27
332,A,94,208.03,218.03,East,2023-11-28
333,D,95,170.25,162.35,South,2023-11-29
334,C,49,337.12,261.64,West,2023-11-30
335,B,69,405.84,43.54,East,2023-12-01
336,D,62,383.52,238.2,West,2023-12-02
337,A,60,400.93,41.82,West,2023-12-03
338,C,50,223.44,239.29,East,2023-12-04
339,D,78,410.74,86.35,South,2023-12-05
340,D,75,68.9,263.74,East,2023-12-06
341,C,9,276.8,283.49,East,2023-12-07
342,D,34,12.82,48.89,West,2023-12-08
343,C,76,169.05,141.49,East,2023-12-09
344,B,99,189.57,294.39,South,2023-12-10
345,C,35,204.12,147.61,East,2023-12-11
346,C,1,350.78,259.75,South,2023-12-12
347,C,40,200.39,178.68,South,2023-12-13
348,D,64,229.86,115.72,West,2023-12-14
349,D,22,126.4,89.31,North,2023-12-15
350,C,60,192.89,64.95,North,2023-12-16
351,D,64,121.36,229.73,West,2023-12-17
352,A,93,45.87,119.03,East,2023-12-18
353,A,72,305.69,155.83,West,2023-12-19
354,D,11,337.42,150.24,South,2023-12-20
355,D,14,313.55,175.3,North,2023-12-21
356,C,60,237.11,260.35,West,2023-12-22
357,B,30,196.1,294.32,East,2023-12-23
358,D,35,433.03,125.24,West,2023-12-24
359,A,85,264.35,249.12,North,2023-12-25
360,C,37,244.8,230.54,West,2023-12-26
361,D,5,22.56,174.19,West,2023-12-27
362,A,83,177.21,287.03,North,2023-12-28
363,A,78,196.3,64.14,South,2023-12-29
364,B,26,205.42,37.23,South,2023-12-30
365,C,62,294.28,256.92,North,2023-12-31
366,C,4,271.47,134.55,West,2024-01-01
367,B,89,307.87,254.86,North,2024-01-02
368,B,42,384.79,268.46,South,2024-01-03
369,C,89,408.36,23.42,East,2024-01-04
370,C,18,361.88,265.62,West,2024-01-05
371,D,40,478.21,137.25,South,2024-01-06
372,D,72,18.93,155.58,West,2024-01-07
373,B,39,105.93,189.84,North,2024-01-08
374,D,14,13.71,278.28,East,2024-01-09
375,A,32,327.26,10.64,North,2024-01-10
376,D,51,450.03,145.67,East,2024-01-11
377,D,38,129.31,207.88,West,2024-01-12
378,A,97,464.25,218.2,West,2024-01-13
379,B,23,39.53,209.3,North,2024-01-14
380,A,63,467.87,44.66,East,2024-01-15
381,D,15,182.3,93.32,East,2024-01-16
382,B,97,59.7,110.82,West,2024-01-17
383,D,25,248.08,242.31,North,2024-01-18
384,A,17,135.82,87.23,East,2024-01-19
385,A,97,149.59,67.16,West,2024-01-20
386,D,66,160.57,287.45,South,2024-01-21
387,C,78,403.48,7.61,North,2024-01-22
388,C,53,274.19,299.36,South,2024-01-23
389,A,51,162.54,204.66,North,2024-01-24
390,A,39,309.06,249.4,West,2024-01-25
391,C,51,360.91,,East,2024-01-26
392,C,70,143.59,9.22,East,2024-01-27
393,D,6,212.64,222.67,East,2024-01-28
394,D,67,69.72,251.07,North,2024-01-29
395,C,7,98.76,223.44,West,2024-01-30
396,D,51,343.75,47.14,South,2024-01-31
397,D,72,98.9,227.26,West,2024-02-01
398,B,42,267.33,231.83,South,2024-02-02
399,D,64,357.43,199.27,North,2024-02-03
400,A,15,62.37,231.0,North,2024-02-04
401,D,29,287.98,254.55,South,2024-02-05
402,D,33,135.72,186.01,South,2024-02-06
403,C,94,481.83,31.14,South,2024-02-07
404,A,27,2469.4,148.85,West,2024-02-08
405,D,36,404.94,27.91,South,2024-02-09
406,D,29,2796.1000000000004,,North,2024-02-10
407,B,38,31.27,125.1,North,2024-02-11
408,D,57,320.24,24.47,East,2024-02-12
409,D,97,476.19,107.9,South,2024-02-13
410,B,27,304.79,37.74,West,2024-02-14
411,C,55,411.4,243.43,West,2024-02-15
412,D,33,443.26,284.57,West,2024-02-16
413,B,68,121.76,26.33,East,2024-02-17
414,A,86,113.9,,North,2024-02-18
415,C,66,309.38,159.16,West,2024-02-19
416,A,10,211.4,93.37,North,2024-02-20
417,A,5,421.53,27.67,East,2024-02-21
418,B,74,451.01,152.68,South,2024-02-22
419,D,97,183.18,239.38,South,2024-02-23
420,B,38,126.07,213.59,South,2024-02-24
421,B,13,392.46,19.82,West,2024-02-25
422,B,31,144.65,26.51,South,2024-02-26
423,B,47,413.08,123.85,West,2024-02-27
424,C,88,217.63,92.11,East,2024-02-28
425,D,52,337.1,73.55,East,2024-02-29
426,A,56,56.81,87.9,West,2024-03-01
427,A,15,315.69,242.03,North,2024-03-02
428,D,29,231.37,279.12,South,2024-03-03
429,A,8,297.44,124.51,South,2024-03-04
430,D,5,92.33,272.3,South,2024-03-05
431,A,29,371.07,99.84,West,2024-03-06
432,B,47,432.77,145.55,East,2024-03-07
433,A,68,116.2,71.68,South,2024-03-08
434,D,76,56.9,193.94,East,2024-03-09
435,D,45,21.58,293.8,South,2024-03-10
436,D,2,324.57,183.03,South,2024-03-11
437,D,27,307.48,110.56,West,2024-03-12
438,D,95,277.88,196.11,North,2024-03-13
439,C,36,123.65,41.26,West,2024-03-14
440,C,36,201.54,267.15,South,2024-03-15
441,A,26,301.29,153.41,South,2024-03-16
442,D,43,253.42,137.56,North,2024-03-17
443,A,27,494.01,177.83,East,2024-03-18
444,D,69,76.86,189.31,East,2024-03-19
445,D,20,350.62,26.17,South,2024-03-20
446,C,11,208.12,206.37,East,2024-03-21
447,C,74,219.82,76.37,South,2024-03-22
448,B,38,361.62,215.62,North,2024-03-23
449,C,6,349.29,247.65,North,2024-03-24
450,B,72,495.72,242.17,South,2024-03-25
451,B,23,72.91,167.99,North,2024-03-26
452,B,47,61.01,158.45,West,2024-03-27
453,B,90,364.93,47.15,West,2024-03-28
454,B,46,293.41,233.73,North,2024-03-29
455,A,12,144.34,85.07,South,2024-03-30
456,C,90,48.92,151.53,South,2024-03-31
457,B,13,51.97,88.86,North,2024-04-01
458,D,62,448.15,44.48,East,2024-04-02
459,C,82,104.01,190.72,West,2024-04-03
460,C,89,168.45,21.03,East,2024-04-04
461,B,97,121.06,225.85,South,2024-04-05
462,A,60,183.95,98.69,South,2024-04-06
463,B,43,44.02,5.04,East,2024-04-07
464,A,76,264.34,155.78,North,2024-04-08
465,D,68,43.13,18.82,East,2024-04-09
466,C,5,402.17,86.47,East,2024-04-10
467,D,37,124.52,213.56,West,2024-04-11
468,A,72,274.61,23.49,West,2024-04-12
469,A,92,441.24,252.6,East,2024-04-13
470,D,31,328.93,6.13,East,2024-04-14
471,A,9,271.15,77.81,South,2024-04-15
472,D,51,168.92,223.57,West,2024-04-16
473,C,29,173.17,98.3,West,2024-04-17
474,D,78,338.05,35.06,South,2024-04-18
475,C,40,,111.27,North,2024-04-19
476,D,41,334.3,84.77,West,2024-04-20
477,A,86,283.31,253.6,West,2024-04-21
478,D,11,368.02,97.44,North,2024-04-22
479,A,23,237.95,237.74,West,2024-04-23
480,D,1,39.47,268.1,West,2024-04-24
481,D,46,285.53,132.98,North,2024-04-25
482,B,21,479.24,273.43,North,2024-04-26
483,A,90,95.9,116.31,East,2024-04-27
484,B,36,348.1,289.4,South,2024-04-28
485,A,54,108.46,31.34,South,2024-04-29
486,B,87,272.56,207.67,North,2024-04-30
487,C,57,57.37,150.68,North,2024-05-01
488,D,1,230.68,119.36,West,2024-05-02
489,A,63,380.52,191.65,East,2024-05-03
490,A,54,180.31,212.64,East,2024-05-04
491,D,55,335.81,6.29,North,2024-05-05
492,A,40,399.77,54.25,West,2024-05-06
493,A,15,464.32,215.35,West,2024-05-07
494,B,21,124.97,201.58,South,2024-05-08
495,A,47,205.66,289.98,South,2024-05-09
496,C,73,84.68,229.51,West,2024-05-10
497,C,53,496.32,285.48,South,2024-05-11
498,D,9,464.23,212.25,North,2024-05-12
499,A,74,2745.7999999999997,92.93,West,2024-05-13
500,D,52,422.6,36.08,South,2024-05-14
501,C,57,265.27,235.64,East,2024-05-15
502,A,26,,195.02,West,2024-05-16
503,A,41,53.67,19.21,West,2024-05-17
504,D,35,380.08,111.21,East,2024-05-18
505,C,63,72.58,287.26,North,2024-05-19
506,A,25,414.77,152.62,East,2024-05-20
507,D,90,393.19,132.66,West,2024-05-21
508,C,75,357.28,140.02,North,2024-05-22
509,D,38,27.72,66.62,South,2024-05-23
510,B,2,158.53,113.77,South,2024-05-24
511,A,7,138.93,114.09,South,2024-05-25
512,B,82,186.47,20.44,West,2024-05-26
513,C,91,52.94,231.43,East,2024-05-27
514,B,34,469.11,127.87,North,2024-05-28
515,B,91,281.36,247.54,South,2024-05-29
516,C,17,159.71,255.85,North,2024-05-30
517,D,43,204.52,67.54,West,2024-05-31
518,B,59,229.13,198.92,South,2024-06-01
519,D,51,304.29,144.32,West,2024-06-02
520,B,54,262.68,264.65,East,2024-06-03
521,D,24,460.5,68.64,West,2024-06-04
522,C,25,253.51,204.95,West,2024-06-05
523,B,71,496.16,184.29,East,2024-06-06
524,C,52,427.2,92.11,North,2024-06-07
525,B,70,112.17,45.3,East,2024-06-08
526,C,88,465.99,197.23,East,2024-06-09
527,C,33,67.02,222.89,West,2024-06-10
528,B,49,410.55,98.11,North,2024-06-11
529,B,29,196.51,195.23,South,2024-06-12
530,B,63,440.21,121.56,East,2024-06-13
531,A,22,435.35,215.4,North,2024-06-14
532,D,26,404.9,63.77,East,2024-06-15
533,A,28,397.11,267.61,East,2024-06-16
534,A,85,159.29,89.79,East,2024-06-17
535,C,49,49.65,113.5,East,2024-06-18
536,B,71,207.46,22.14,West,2024-06-19
537,D,81,95.03,37.9,North,2024-06-20
538,C,84,350.53,157.18,North,2024-06-21
539,A,49,179.59,83.94,North,2024-06-22
540,B,20,488.05,251.47,East,2024-06-23
541,C,86,324.08,9.33,West,2024-06-24
542,B,92,413.02,116.83,East,2024-06-25
543,C,63,74.94,104.52,East,2024-06-26
544,B,61,432.39,10.7,North,2024-06-27
545,A,49,462.15,41.69,East,2024-06-28
546,D,71,248.66,127.02,South,2024-06-29
547,A,1,307.06,150.4,East,2024-06-30
548,D,96,384.76,124.27,South,2024-07-01
549,B,13,95.67,161.63,East,2024-07-02
550,C,94,256.26,180.56,West,2024-07-03
551,A,87,205.34,7.93,West,2024-07-04
552,D,51,81.72,141.91,North,2024-07-05
553,A,56,190.09,289.23,East,2024-07-06
554,D,83,43.4,158.11,South,2024-07-07
555,A,62,22.65,204.87,South,2024-07-08
556,D,32,76.23,97.0,East,2024-07-09
557,D,30,481.93,233.33,South,2024-07-10
558,B,29,279.27,233.01,West,2024-07-11
559,D,49,483.25,158.78,South,2024-07-12
560,B,45,221.92,292.92,North,2024-07-13
561,D,93,162.79,42.04,West,2024-07-14
562,C,30,,10.0,West,2024-07-15
563,C,16,225.36,232.2,West,2024-07-16
564,C,40,61.78,243.11,East,2024-07-17
565,D,19,324.0,40.46,East,2024-07-18
566,B,18,115.86,83.35,West,2024-07-19
567,B,1,313.6,10.18,East,2024-07-20
568,D,78,328.6,91.53,South,2024-07-21
569,C,47,84.49,233.08,East,2024-07-22
570,C,66,40.06,157.8,East,2024-07-23
571,B,92,392.57,107.69,West,2024-07-24
572,C,94,235.3,114.66,North,2024-07-25
573,A,38,38.5,5.4,North,2024-07-26
574,B,51,497.48,93.44,North,2024-07-27
575,C,63,38.31,195.71,South,2024-07-28
576,B,4,,292.39,East,2024-07-29
577,A,1,492.0,254.88,North,2024-07-30
578,B,8,127.2,11.96,West,2024-07-31
579,B,29,79.7,270.08,North,2024-08-01
580,B,55,69.48,236.04,North,2024-08-02
581,B,3,158.6,235.21,East,2024-08-03
582,A,32,59.51,140.11,East,2024-08-04
583,D,10,349.16,122.41,East,2024-08-05
584,B,74,40.52,94.36,South,2024-08-06
585,B,83,259.62,24.38,South,2024-08-07
586,C,34,498.38,72.33,North,2024-08-08
587,B,97,408.85,77.75,East,2024-08-09
588,C,87,311.46,147.8,North,2024-08-10
589,D,55,160.06,225.5,West,2024-08-11
590,A,92,315.71,144.77,West,2024-08-12
591,A,32,268.25,22.06,East,2024-08-13
592,D,50,218.78,287.55,East,2024-08-14
593,A,7,74.05,283.1,West,2024-08-15
594,D,93,444.44,236.63,East,2024-08-16
595,D,8,230.39,297.44,South,2024-08-17
596,D,65,105.37,165.62,South,2024-08-18
597,A,57,190.2,289.02,East,2024-08-19
598,C,67,212.92,27.3,West,2024-08-20
599,D,88,415.49,112.88,North,2024-08-21
600,B,87,369.47,71.49,East,2024-08-22
601,A,59,386.96,62.77,East,2024-08-23
602,D,72,15.41,46.54,North,2024-08-24
603,D,54,213.92,188.61,East,2024-08-25
604,B,67,245.86,235.49,North,2024-08-26
605,C,51,19.4,175.6,West,2024-08-27
606,C,97,137.31,48.35,South,2024-08-28
607,C,92,,244.28,West,2024-08-29
608,D,8,77.18,192.61,South,2024-08-30
609,D,34,272.3,119.51,North,2024-08-31
610,D,35,115.45,203.87,South,2024-09-01
611,A,96,15.94,81.67,West,2024-09-02
612,B,88,128.19,106.83,South,2024-09-03
613,D,78,488.18,275.66,North,2024-09-04
614,B,32,402.75,90.7,South,2024-09-05
615,B,46,480.19,143.65,East,2024-09-06
616,C,16,249.05,267.59,West,2024-09-07
617,A,68,63.77,213.78,East,2024-09-08
618,D,37,278.5,23.35,North,2024-09-09
619,C,54,232.64,,South,2024-09-10
620,C,85,423.73,7.31,East,2024-09-11
621,D,14,58.06,191.12,East,2024-09-12
622,B,95,249.24,137.06,South,2024-09-13
623,C,55,83.52,44.61,South,2024-09-14
624,B,48,169.09,287.59,West,2024-09-15
625,A,82,371.3,161.25,East,2024-09-16
626,B,7,243.25,76.36,East,2024-09-17
627,A,74,194.19,152.68,North,2024-09-18
628,B,7,203.29,205.49,West,2024-09-19
629,C,33,235.13,27.49,North,2024-09-20
630,C,23,394.66,86.04,East,2024-09-21
631,A,85,447.12,243.05,North,2024-09-22
632,D,19,478.11,140.6,East,2024-09-23
633,A,19,395.58,166.24,East,2024-09-24
634,A,36,164.55,132.68,North,2024-09-25
635,B,29,347.19,17.95,North,2024-09-26
636,B,60,224.43,,South,2024-09-27
637,A,82,134.79,136.43,South,2024-09-28
638,C,2,,66.71,South,2024-09-29
639,B,1,28.83,19.74,East,2024-09-30
640,D,47,4518.6,253.88,North,2024-10-01
641,B,69,236.12,294.45,West,2024-10-02
642,B,20,322.23,238.98,East,2024-10-03
643,D,11,333.08,256.87,West,2024-10-04
644,A,2,448.61,76.38,North,2024-10-05
645,D,67,321.97,288.38,East,2024-10-06
646,A,87,310.83,63.09,West,2024-10-07
647,A,12,42.66,285.67,West,2024-10-08
648,A,20,264.02,298.47,South,2024-10-09
649,D,5,83.58,214.96,South,2024-10-10
650,A,37,371.34,294.44,South,2024-10-11
651,C,38,260.99,173.01,East,2024-10-12
652,D,94,343.31,81.56,North,2024-10-13
653,C,9,30.42,133.91,North,2024-10-14
654,A,98,51.55,180.1,South,2024-10-15
655,B,53,361.0,26.56,South,2024-10-16
656,A,44,45.32,188.59,South,2024-10-17
657,C,99,44.92,294.45,West,2024-10-18
658,C,86,15.93,61.08,South,2024-10-19
659,D,24,478.69,238.82,West,2024-10-20
660,B,81,371.38,272.83,North,2024-10-21
661,D,74,183.09,283.39,East,2024-10-22
662,C,30,155.3,288.24,East,2024-10-23
663,A,59,181.35,158.83,East,2024-10-24
664,B,87,389.58,293.31,East,2024-10-25
665,A,96,334.07,228.41,West,2024-10-26
666,A,81,100.75,52.69,West,2024-10-27
667,B,81,95.31,145.69,South,2024-10-28
668,D,14,58.21,216.91,West,2024-10-29
669,A,9,333.55,77.97,South,2024-10-30
670,C,40,384.54,,South,2024-10-31
671,A,66,139.87,201.65,East,2024-11-01
672,B,25,20.26,53.0,West,2024-11-02
673,B,73,50.26,171.7,West,2024-11-03
674,B,22,484.25,232.63,South,2024-11-04
675,D,4,154.77,152.17,South,2024-11-05
676,A,26,386.92,8.57,North,2024-11-06
677,D,58,316.09,7.67,North,2024-11-07
678,D,29,197.15,110.32,South,2024-11-08
679,B,98,110.79,278.23,North,2024-11-09
680,B,87,69.48,72.46,North,2024-11-10
681,D,37,311.36,192.14,South,2024-11-11
682,A,75,389.57,70.51,South,2024-11-12
683,C,70,325.51,99.89,West,2024-11-13
684,D,18,269.85,255.17,South,2024-11-14
685,A,85,30.56,220.01,South,2024-11-15
686,B,42,,33.14,East,2024-11-16
687,B,41,401.37,131.47,West,2024-11-17
688,A,38,1534.8,13.61,West,2024-11-18
689,C,34,,,West,2024-11-19
690,B,17,304.92,200.42,East,2024-11-20
691,B,37,295.39,39.96,South,2024-11-21
692,B,25,376.56,90.22,West,2024-11-22
693,A,76,407.77,122.36,West,2024-11-23
694,D,87,331.67,276.26,North,2024-11-24
695,B,86,,298.01,West,2024-11-25
696,D,85,175.75,18.25,South,2024-11-26
697,C,27,464.76,229.5,South,2024-11-27
698,B,57,120.06,114.66,North,2024-11-28
699,B,31,192.36,120.78,West,2024-11-29
700,C,6,221.72,227.51,West,2024-11-30
701,B,91,225.31,275.94,West,2024-12-01
702,D,40,310.34,285.52,East,2024-12-02
703,A,98,472.11,175.25,West,2024-12-03
704,D,12,127.94,110.35,South,2024-12-04
705,A,53,69.54,237.33,South,2024-12-05
706,A,71,106.76,79.05,East,2024-12-06
707,D,10,444.59,171.4,East,2024-12-07
708,D,45,326.45,110.78,West,2024-12-08
709,D,17,150.09,198.71,North,2024-12-09
710,D,26,409.81,75.92,East,2024-12-10
711,C,85,432.07,61.52,East,2024-12-11
712,B,92,424.79,275.88,West,2024-12-12
713,A,62,460.27,35.03,West,2024-12-13
714,D,46,133.6,154.26,East,2024-12-14
715,D,64,379.97,70.15,North,2024-12-15
716,D,2,235.66,16.48,East,2024-12-16
717,C,54,422.58,15.63,West,2024-12-17
718,D,65,366.96,56.69,West,2024-12-18
719,D,51,390.46,260.7,East,2024-12-19
720,D,53,331.52,88.33,North,2024-12-20
721,B,36,96.94,285.39,East,2024-12-21
722,C,26,277.06,176.58,East,2024-12-22
723,D,29,492.49,133.8,West,2024-12-23
724,A,21,4693.2,176.13,North,2024-12-24
725,A,11,31.16,157.43,South,2024-12-25
726,A,40,90.76,228.84,North,2024-12-26
727,C,11,74.55,88.34,East,2024-12-27
728,C,36,365.73,109.15,East,2024-12-28
729,A,59,410.71,268.76,East,2024-12-29
730,D,39,114.62,284.2,North,2024-12-30
731,C,99,257.87,268.3,West,2024-12-31
732,A,54,421.94,128.74,East,2025-01-01
733,A,98,369.07,235.21,East,2025-01-02
734,D,55,275.7,145.52,North,2025-01-03
735,B,24,299.27,151.77,South,2025-01-04
736,C,22,259.1,65.38,South,2025-01-05
737,D,69,155.8,179.38,West,2025-01-06
738,A,56,286.86,59.91,West,2025-01-07
739,A,33,347.55,102.81,East,2025-01-08
740,D,36,437.93,257.23,North,2025-01-09
741,C,20,321.78,66.09,East,2025-01-10
742,B,83,382.95,25.99,West,2025-01-11
743,B,99,88.44,25.36,North,2025-01-12
744,A,81,236.16,282.53,North,2025-01-13
745,C,62,14.57,154.54,West,2025-01-14
746,B,98,130.87,125.78,South,2025-01-15
747,C,73,365.97,244.21,South,2025-01-16
748,C,26,495.99,251.57,North,2025-01-17
749,A,66,58.6,103.0,East,2025-01-18
750,B,73,206.73,209.62,South,2025-01-19
751,D,73,402.03,232.48,East,2025-01-20
752,A,40,109.98,198.12,South,2025-01-21
753,B,17,281.99,49.72,South,2025-01-22
754,B,1,369.2,263.39,East,2025-01-23
755,B,89,311.83,164.03,West,2025-01-24
756,B,61,102.13,88.33,South,2025-01-25
757,B,43,184.14,130.44,South,2025-01-26
758,C,42,394.06,16.08,East,2025-01-27
759,A,25,281.57,,West,2025-01-28
760,C,39,12.56,230.84,South,2025-01-29
761,D,35,382.89,5.0,South,2025-01-30
762,B,3,27.3,127.89,West,2025-01-31
763,A,44,375.41,159.14,South,2025-02-01
764,B,51,109.22,21.12,West,2025-02-02
765,A,94,479.46,292.06,West,2025-02-03
766,C,98,190.29,71.71,East,2025-02-04
767,A,12,170.2,94.74,North,2025-02-05
768,D,19,829.5999999999999,94.66,West,2025-02-06
769,D,44,159.75,72.97,East,2025-02-07
770,A,59,439.56,5.43,North,2025-02-08
771,A,49,498.2,220.16,South,2025-02-09
772,A,61,190.47,290.22,North,2025-02-10
773,A,17,229.82,71.17,West,2025-02-11
774,D,74,363.81,200.6,West,2025-02-12
775,B,57,444.24,223.86,West,2025-02-13
776,A,55,300.59,255.29,West,2025-02-14
777,A,47,201.85,129.68,West,2025-02-15
778,D,12,212.18,94.36,East,2025-02-16
779,D,62,350.85,100.96,West,2025-02-17
780,C,80,11.58,215.22,East,2025-02-18
781,A,88,313.6,245.95,South,2025-02-19
782,C,83,184.19,58.58,West,2025-02-20
783,D,8,399.16,114.43,West,2025-02-21
784,D,95,55.57,271.07,North,2025-02-22
785,B,21,298.22,242.97,South,2025-02-23
786,A,81,245.68,295.53,West,2025-02-24
787,C,87,324.74,227.5,West,2025-02-25
788,D,80,41.78,120.99,South,2025-02-26
789,D,70,,179.24,East,2025-02-27
790,C,72,285.13,200.0,West,2025-02-28
791,B,25,284.72,28.14,North,2025-03-01
792,D,82,305.71,165.63,West,2025-03-02
793,A,89,341.47,214.25,North,2025-03-03
794,D,12,404.44,54.36,North,2025-03-04
795,A,15,142.21,235.29,West,2025-03-05
796,C,59,414.27,177.21,West,2025-03-06
797,A,26,254.15,285.91,North,2025-03-07
798,C,26,47.76,17.51,South,2025-03-08
799,A,47,38.69,83.27,South,2025-03-09
800,C,32,173.78,182.46,West,2025-03-10
801,A,10,394.6,92.49,East,2025-03-11
802,B,16,356.76,215.76,South,2025-03-12
803,A,71,396.42,228.91,West,2025-03-13
804,A,17,263.46,35.24,South,2025-03-14
805,B,23,225.7,156.59,East,2025-03-15
806,D,26,82.25,155.12,West,2025-03-16
807,D,85,170.81,113.94,East,2025-03-17
808,A,86,222.67,280.21,West,2025-03-18
809,B,7,53.41,249.11,East,2025-03-19
810,A,14,118.1,210.68,South,2025-03-20
811,C,79,303.13,215.73,South,2025-03-21
812,C,7,370.47,141.21,East,2025-03-22
813,A,9,499.19,276.69,East,2025-03-23
814,D,48,467.23,209.91,East,2025-03-24
815,D,72,324.86,220.05,West,2025-03-25
816,A,59,216.41,259.2,South,2025-03-26
817,A,87,321.73,85.85,West,2025-03-27
818,C,93,394.97,243.09,South,2025-03-28
819,D,82,67.98,62.6,North,2025-03-29
820,A,95,210.85,106.88,West,2025-03-30
821,C,94,421.5,104.01,South,2025-03-31
822,D,39,198.08,293.67,South,2025-04-01
823,B,99,290.22,257.68,West,2025-04-02
824,C,18,298.01,211.85,West,2025-04-03
825,D,59,100.39,219.48,South,2025-04-04
826,D,17,187.5,170.81,West,2025-04-05
827,C,14,173.91,284.39,East,2025-04-06
828,B,31,,151.4,West,2025-04-07
829,C,24,21.85,117.25,West,2025-04-08
830,D,99,417.53,53.1,West,2025-04-09
831,A,60,143.8,236.93,South,2025-04-10
832,A,45,263.86,221.66,East,2025-04-11
833,C,98,156.38,118.38,North,2025-04-12
834,D,3,470.93,12.43,North,2025-04-13
835,A,37,137.06,252.5,East,2025-04-14
836,D,43,220.53,8.37,East,2025-04-15
837,C,40,437.64,212.59,East,2025-04-16
838,A,90,422.55,291.23,South,2025-04-17
839,D,55,101.19,134.11,North,2025-04-18
840,A,87,403.3,74.32,East,2025-04-19
841,C,39,234.51,212.94,South,2025-04-20
842,D,15,246.65,246.05,North,2025-04-21
843,A,4,75.41,166.2,West,2025-04-22
844,C,93,49.49,290.28,South,2025-04-23
845,A,86,366.69,20.24,North,2025-04-24
846,A,25,253.27,153.91,South,2025-04-25
847,B,13,224.06,216.94,North,2025-04-26
848,B,82,367.46,259.48,North,2025-04-27
849,C,33,385.1,57.88,West,2025-04-28
850,B,16,87.87,241.0,South,2025-04-29
851,C,42,309.01,168.05,East,2025-04-30
852,B,66,76.32,121.98,West,2025-05-01
853,A,55,378.17,43.86,West,2025-05-02
854,C,99,331.91,260.26,North,2025-05-03
855,C,42,478.74,51.4,East,2025-05-04
856,A,34,43.79,96.39,South,2025-05-05
857,C,30,37.96,90.56,East,2025-05-06
858,C,13,148.27,262.07,East,2025-05-07
859,B,13,138.24,203.45,East,2025-05-08
860,C,18,131.02,240.02,East,2025-05-09
861,D,32,454.06,78.89,East,2025-05-10
862,A,96,132.28,189.34,North,2025-05-11
863,B,99,143.26,173.67,North,2025-05-12
864,B,39,382.11,250.68,West,2025-05-13
865,D,46,,272.3,North,2025-05-14
866,A,29,390.59,8.59,West,2025-05-15
867,A,62,42.03,203.84,West,2025-05-16
868,B,93,248.91,20.29,South,2025-05-17
869,C,62,26.47,166.91,East,2025-05-18
870,B,57,40.7,89.85,North,2025-05-19
871,A,16,454.15,95.5,South,2025-05-20
872,D,56,78.23,109.12,North,2025-05-21
873,B,10,270.89,188.28,West,2025-05-22
874,A,30,211.44,103.54,North,2025-05-23
875,B,25,180.2,221.15,East,2025-05-24
876,C,84,450.92,124.34,West,2025-05-25
877,B,5,20.69,25.16,West,2025-05-26
878,B,65,335.26,236.21,South,2025-05-27
879,A,94,482.06,89.3,East,2025-05-28
880,A,49,284.48,132.67,West,2025-05-29
881,A,3,469.04,207.21,East,2025-05-30
882,B,45,35.61,103.07,North,2025-05-31
883,C,14,215.21,21.69,East,2025-06-01
884,D,30,137.48,115.31,West,2025-06-02
885,D,68,368.1,283.61,South,2025-06-03
886,A,18,490.84,194.31,West,2025-06-04
887,A,62,135.7,203.09,East,2025-06-05
888,B,37,330.55,191.52,East,2025-06-06
889,D,25,107.07,63.7,West,2025-06-07
890,A,48,287.01,128.41,East,2025-06-08
891,C,65,237.33,226.53,North,2025-06-09
892,C,53,486.28,34.91,West,2025-06-10
893,A,79,308.18,86.97,South,2025-06-11
894,A,73,181.26,86.51,West,2025-06-12
895,D,15,65.91,132.45,North,2025-06-13
896,D,49,84.11,294.21,North,2025-06-14
897,B,88,120.41,,North,2025-06-15
898,D,68,132.97,158.02,North,2025-06-16
899,C,12,426.8,57.91,North,2025-06-17
900,C,59,285.0,291.35,South,2025-06-18
901,A,37,266.46,38.42,East,2025-06-19
902,D,61,66.24,124.06,North,2025-06-20
903,B,43,431.47,222.68,North,2025-06-21
904,C,70,364.18,212.84,West,2025-06-22
905,C,39,43.16,129.7,South,2025-06-23
906,B,56,356.84,107.22,South,2025-06-24
907,B,63,276.33,122.3,East,2025-06-25
908,C,46,50.05,82.96,South,2025-06-26
909,C,88,234.57,65.57,West,2025-06-27
910,B,11,247.5,147.5,West,2025-06-28
911,C,62,91.23,84.22,East,2025-06-29
912,A,77,473.39,89.8,West,2025-06-30
913,A,98,426.49,198.74,North,2025-07-01
914,B,25,337.82,290.72,North,2025-07-02
915,D,71,236.52,183.07,West,2025-07-03
916,B,52,211.77,27.71,East,2025-07-04
917,B,4,328.98,27.3,South,2025-07-05
918,D,59,277.26,285.67,East,2025-07-06
919,D,72,40.51,92.7,South,2025-07-07
920,D,20,,32.16,West,2025-07-08
921,A,93,405.14,181.72,West,2025-07-09
922,C,63,235.03,188.98,North,2025-07-10
923,A,54,35.46,196.31,South,2025-07-11
924,C,74,395.28,83.88,East,2025-07-12
925,A,98,108.67,9.46,West,2025-07-13
926,C,57,136.72,289.68,East,2025-07-14
927,A,90,90.71,79.01,North,2025-07-15
928,D,41,171.81,204.43,South,2025-07-16
929,B,3,380.81,213.46,South,2025-07-17
930,A,6,264.5,184.95,West,2025-07-18
931,C,5,110.39,97.31,South,2025-07-19
932,D,5,440.14,84.97,West,2025-07-20
933,A,54,441.0,181.31,North,2025-07-21
934,A,47,436.58,260.5,South,2025-07-22
935,D,87,127.01,284.29,West,2025-07-23
936,A,49,231.11,36.24,East,2025-07-24
937,B,9,492.64,50.67,West,2025-07-25
938,A,99,388.29,283.7,South,2025-07-26
939,B,20,23.31,222.28,North,2025-07-27
940,B,61,41.95,265.48,South,2025-07-28
941,D,35,237.33,64.78,South,2025-07-29
942,A,50,455.52,178.34,West,2025-07-30
943,D,82,273.96,211.84,East,2025-07-31
944,A,62,253.93,205.63,South,2025-08-01
945,A,17,61.68,125.4,East,2025-08-02
946,C,88,331.82,9.54,West,2025-08-03
947,A,3,412.83,176.96,East,2025-08-04
948,D,32,196.41,79.66,West,2025-08-05
949,B,99,390.05,137.83,North,2025-08-06
950,A,13,482.59,287.49,East,2025-08-07
951,C,89,109.85,122.72,East,2025-08-08
952,D,73,266.43,252.74,North,2025-08-09
953,A,68,150.7,60.62,East,2025-08-10
954,D,14,398.5,203.38,North,2025-08-11
955,C,98,293.02,293.22,South,2025-08-12
956,C,11,320.95,35.06,West,2025-08-13
957,D,56,400.98,7.45,North,2025-08-14
958,A,67,204.03,132.91,East,2025-08-15
959,B,92,458.39,32.32,North,2025-08-16
960,C,29,271.18,225.77,East,2025-08-17
961,A,9,87.4,274.79,South,2025-08-18
962,A,67,350.99,133.04,North,2025-08-19
963,B,25,398.7,81.32,South,2025-08-20
964,C,98,165.21,133.15,West,2025-08-21
965,C,76,430.02,218.42,East,2025-08-22
966,A,42,454.01,7.67,East,2025-08-23
967,A,9,145.68,178.89,South,2025-08-24
968,B,79,491.93,185.92,West,2025-08-25
969,B,40,78.95,193.12,North,2025-08-26
970,C,25,108.99,76.4,North,2025-08-27
971,D,5,100.27,215.65,East,2025-08-28
972,C,11,448.05,31.96,South,2025-08-29
973,A,59,330.6,63.78,South,2025-08-30
974,C,98,84.53,263.85,North,2025-08-31
975,D,88,225.76,222.92,West,2025-09-01
976,B,79,311.5,9.05,West,2025-09-02
977,D,38,50.9,78.27,North,2025-09-03
978,D,72,442.38,68.25,North,2025-09-04
979,D,5,403.77,84.89,South,2025-09-05
980,B,48,257.55,78.03,West,2025-09-06
981,D,90,483.89,23.45,North,2025-09-07
982,D,18,214.7,140.39,North,2025-09-08
983,D,70,492.21,221.16,East,2025-09-09
984,A,37,337.28,183.99,North,2025-09-10
985,D,60,320.99,203.5,North,2025-09-11
986,B,48,91.32,28.94,West,2025-09-12
987,D,77,442.14,285.69,South,2025-09-13
988,D,28,219.47,252.36,West,2025-09-14
989,B,69,89.49,242.5,South,2025-09-15
990,D,77,16.18,247.78,East,2025-09-16
991,B,81,284.28,280.15,North,2025-09-17
992,D,40,268.43,165.55,East,2025-09-18
993,B,45,362.48,64.08,South,2025-09-19
994,D,96,446.23,186.95,West,2025-09-20
995,D,62,48.91,224.15,West,2025-09-21
996,A,93,368.43,222.69,East,2025-09-22
997,A,58,101.83,158.83,South,2025-09-23
998,D,67,430.51,25.2,East,2025-09-24
999,D,56,411.34,114.48,East,2025-09-25
1000,C,40,274.99,276.63,North,2025-09-26
